target_id,source_id,pb-mtl_rmse,predicted_rmse,spearman,meta_rmse,pb0_rmse,pgmtl_improvement
nhdhr_145088870,nhdhr120018124,5.030441029,1.265724623,0.1457408282,1.685042597,1.165640256,-3.864800773
nhdhr_113471457,nhdhr120019636,4.717157342,2.907736729,0.5533971028,1.24638912,1.878556882,-2.83860046
nhdhr_152517995,nhdhr69886228,4.119087249,2.25054376,0.9148598646,0.925434268,1.3748358,-2.744251449
nhdhr_120019661,nhdhr166867866,6.020593732,2.395506667,-0.351633601,3.70821511,3.51630191,-2.504291822
nhdhr_75651475,nhdhr45722930,5.862838232,2.657908312,0.6377342151,2.019979346,3.459731155,-2.403107077
nhdhr_45730856,nhdhr81002103,4.978622598,2.40729281,0.8858880491,2.2938509,2.580903837,-2.397718761
nhdhr_107074838,nhdhr34131191,4.382418551,2.447215238,0.6052314596,0.9457579892,2.178587938,-2.203830613
nhdhr_152517931,nhdhr69886510,3.872712104,2.254672906,0.9461226578,0.9805066865,1.86284316,-2.009868945
nhdhr_120018510,nhdhr120019854,3.806439206,1.779147118,0.3071524169,1.497472881,1.933182068,-1.873257138
nhdhr_120018495,nhdhr120019854,4.024009325,2.165886448,-0.05416076208,1.927849284,2.305780685,-1.718228641
nhdhr_129226232,nhdhr69886510,4.462325866,2.336284364,0.7407494883,1.399352687,2.807995808,-1.654330058
nhdhr_121857622,nhdhr0E445706-1F3E-47FA-8A83-D38E2C953307,3.327042429,2.927770745,0.7692253188,1.027195378,1.835417615,-1.491624814
nhdhr_EBD8B5AF-7EBC-43A3-82BA-AF41830C144C,nhdhr120019638,3.34583836,1.339686409,0.7482128799,1.253259295,1.933183181,-1.412655179
nhdhr_82815984,nhdhr166867866,5.887475042,2.333420162,-0.06728861597,2.891316453,4.519286969,-1.368188073
nhdhr_91690625,nhdhr143249864,4.500472518,2.170878691,0.6945166116,1.858160971,3.17260215,-1.327870368
nhdhr_120018036,nhdhr81002103,3.702675069,1.767311278,0.08603369548,1.572303957,2.404587982,-1.298087087
nhdhr_60087894,nhdhr139269431,4.188261952,2.716389059,0.1225003936,2.156715414,2.948048187,-1.240213765
nhdhr_155637595,nhdhr69886228,2.569961263,1.579830168,0.9632971186,1.02028738,1.350364142,-1.219597121
nhdhr_82819488,nhdhr45728298,2.76091928,2.222671322,0.7765233821,2.179147127,1.550739569,-1.210179711
nhdhr_120018220,nhdhr120020343,3.915171847,0.9986268881,0.4589316643,1.429316487,2.715808916,-1.199362931
nhdhr_120019058,nhdhr80005045,4.646102142,3.674042534,0.861049441,1.81322498,3.449883876,-1.196218266
nhdhr_0b5e30c9-8c3f-401b-9931-91ac59b2662a,nhdhr120020204,3.674818898,0.9937964811,0.6830971501,1.078282907,2.552360395,-1.122458503
nhdhr_121623866,nhdhr81002103,3.246228016,1.845908862,0.3366241537,1.475638041,2.139651753,-1.106576263
nhdhr_47478911,nhdhr143249192,3.526794625,1.876258698,0.8261297433,1.250642534,2.576374131,-0.9504204948
nhdhr_86275759,nhdhr120018084,3.050358281,1.825770438,0.9423515982,1.265956798,2.121071671,-0.9292866093
nhdhr_155417639,nhdhr120018140,3.485666393,1.935647639,0.09404818139,2.009745064,2.598293,-0.8873733925
nhdhr_91682839,nhdhr120018114,2.972029796,2.061352132,0.6738545111,1.077903402,2.098189984,-0.8738398113
nhdhr_143250015,nhdhr143418891,2.579938433,1.210828489,0.7181467485,1.439571162,1.725217775,-0.8547206581
nhdhr_120018046,nhdhr166867866,3.51437442,1.854495693,0.6756888679,1.139074478,2.677268479,-0.8371059412
#REF!,nhdhr143416561,3.086507859,1.575089261,0.6596835144,1.305801967,2.296914451,-0.789593408
nhdhr_82819628,nhdhr47726570,3.079446111,2.576184192,0.9479215872,0.8993972838,2.291170107,-0.7882760039
nhdhr_75655457,nhdhr34129544,3.00118042,2.710550389,0.891831995,1.236202283,2.222453195,-0.7787272243
nhdhr_121859009,nhdhr91685475,5.02305459,2.996807222,0.653074319,1.406267526,4.256688104,-0.7663664857
nhdhr_143251029,nhdhr166867866,2.768042152,2.192307856,0.7992835774,0.8115120501,2.002284678,-0.7657574737
nhdhr_121623871,nhdhr166867866,2.747815325,2.4806009,0.9228231775,1.030507752,1.988850283,-0.7589650421
nhdhr_152707734,nhdhr120018100,2.365342583,2.288194305,0.9070540072,2.201198637,1.619010525,-0.7463320581
nhdhr_129225129,nhdhr139269431,2.708182031,2.704989887,0.9251535191,2.054160201,2.016592494,-0.691589537
nhdhr_107074156,nhdhr139269431,2.30595776,2.345806145,0.9045032278,0.9284024149,1.622431844,-0.6835259158
nhdhr_129223861,nhdhr69886228,3.29040153,1.962656722,0.7027436624,1.5602985,2.611314488,-0.679087042
nhdhr_59808243,nhdhr120018071,3.501430339,3.651751092,0.9179578019,2.112884107,2.85226916,-0.6491611791
nhdhr_120019336,nhdhr80005045,2.967589496,1.908335251,0.2501613919,1.242858425,2.32082267,-0.646766826
nhdhr_120020567,nhdhr120019854,3.022660319,1.821083144,0.9305306251,1.091338037,2.39860514,-0.6240551795
nhdhr_80004215,nhdhr143249192,2.366087261,2.498983924,0.9438395528,0.8324902504,1.748232962,-0.617854299
nhdhr_75659739,nhdhr120018071,3.193105864,3.935687915,0.9227523225,2.064886874,2.606582485,-0.5865233784
nhdhr_155636695,nhdhr69886228,5.276336753,2.098580328,0.08418359313,2.3216818,4.700328882,-0.5760078707
nhdhr_74926527,nhdhr139269431,2.217819848,1.814324054,0.9421232877,1.43623781,1.644148044,-0.573671804
nhdhr_143249522,nhdhr45722930,2.547106393,2.189990711,0.9097779877,0.8004354687,1.97964354,-0.5674628531
nhdhr_166867852,nhdhr141288680,2.838444303,2.074892815,0.9606794206,0.6874915781,2.275746617,-0.5626976856
nhdhr_74927813,nhdhr151949699,4.457417114,1.516062953,0.251562746,1.560513903,3.924249769,-0.5331673458
nhdhr_86273851,nhdhr74924599,2.788161708,2.056296985,0.8521020312,0.6512102062,2.271867873,-0.5162938352
nhdhr_141288146,nhdhr143416561,2.395505646,0.2255923222,0.753987561,1.005383223,1.915748093,-0.4797575528
nhdhr_69884058,nhdhr120018114,4.134209369,1.5992098,0.6724925209,1.959807735,3.656857419,-0.4773519499
nhdhr_74926805,nhdhr143249413,3.01151311,2.682164769,0.8983112896,1.908265052,2.560806848,-0.4507062619
nhdhr_74926703,nhdhr139269431,2.825710612,2.247334328,0.7760588884,0.8494269231,2.375218868,-0.4504917441
nhdhr_91690679,nhdhr91685475,3.069531368,2.955130966,0.9533656117,1.123760808,2.637495605,-0.4320357631
nhdhr_151949888,nhdhr45722930,2.770228829,2.218690948,0.7187686978,0.9162606893,2.354726204,-0.4155026246
nhdhr_82819600,nhdhr120020199,3.920587639,1.658014769,0.7970201543,2.428689539,3.518590261,-0.4019973777
nhdhr_91595965,nhdhr120018071,3.242831952,3.374955083,0.9496693434,1.458000628,2.841605794,-0.4012261582
nhdhr_91684449,nhdhr81002103,3.298057436,1.939034026,0.5412415368,1.140576955,2.904492719,-0.3935647173
nhdhr_69885902,nhdhr120018114,3.001162512,1.486299848,0.7528578177,0.8816858676,2.628857836,-0.3723046761
nhdhr_91595755,nhdhr91685475,2.879065577,2.991102612,0.9425366084,1.232710376,2.51254794,-0.3665176376
nhdhr_47480235,nhdhr91691877,2.699926061,2.720005692,0.8681506849,0.9570032312,2.333622852,-0.3663032098
nhdhr_32672239,nhdhr143396594,2.708898854,-0.6469149976,0.3364430798,0.9547750901,2.372776354,-0.3361224998
nhdhr_70331641,nhdhr121623043,2.329669612,1.617537105,0.4726027397,0.9437127573,1.996895647,-0.332773965
nhdhr_114544961,nhdhr120018090,1.943634929,2.474020408,-0.06018343568,1.543407752,1.612740235,-0.3308946938
nhdhr_72863203,nhdhr120020204,2.714170434,1.741320107,0.436332861,1.801894711,2.39194842,-0.3222220144
nhdhr_120018182,nhdhr120018459,3.096027729,0.4596826739,0.08061328925,0.7044570188,2.797178896,-0.2988488326
nhdhr_120020388,nhdhr91684663,2.655810078,2.170141586,0.7252519288,0.6424774466,2.377046902,-0.2787631752
nhdhr_120020798,nhdhr120019636,2.476597144,1.796834498,0.5243071957,0.7227610633,2.224086802,-0.2525103426
nhdhr_123148239,nhdhr155635994,1.972835448,1.559344739,0.7102897182,2.538368916,1.727069532,-0.2457659163
nhdhr_114542575,nhdhr120018124,1.968667002,1.413105847,0.9430483388,2.027472924,1.729518142,-0.2391488602
nhdhr_69886444,nhdhr120018100,2.081364207,2.062879943,0.9312667296,0.6493342143,1.847777076,-0.2335871318
nhdhr_91595175,nhdhr34129366,2.499737976,2.586589701,0.7255353488,0.5881736498,2.270268985,-0.2294689907
nhdhr_32732186,nhdhr80005045,3.446035762,2.095529936,0.1321012439,1.747457781,3.227891669,-0.2181440937
nhdhr_34128424,nhdhr120020367,2.512926309,2.228019556,0.5026255708,0.9477777308,2.304885245,-0.2080410634
nhdhr_120018511,nhdhr120018114,2.089279389,1.864932151,0.7997795623,0.6666721664,1.884054365,-0.2052250232
nhdhr_120018061,nhdhr45728298,2.492610831,2.228894852,0.8482207526,0.6575117173,2.291416879,-0.201193952
nhdhr_155637270,nhdhr69886228,2.094138724,1.275986264,0.9499409542,1.200378575,1.909022998,-0.1851157265
nhdhr_152518175,nhdhr45728298,4.290770385,2.359317075,0.2923161707,1.822972415,4.110499133,-0.1802712519
nhdhr_155444215,nhdhr81002103,2.799380391,2.005917767,0.2651708392,1.102037431,2.655465633,-0.1439147582
nhdhr_91597267,nhdhr81002103,2.765093826,1.717620577,0.8970201543,0.5480967472,2.638734264,-0.1263595617
nhdhr_34131552,nhdhr141288680,2.241938178,1.55283872,0.9768658479,0.6569550217,2.123955351,-0.1179828263
nhdhr_166867865,nhdhr141288680,2.504091378,2.18060926,0.9519996851,0.7719580128,2.395546954,-0.108544424
nhdhr_120020220,nhdhr139268769,1.860354514,1.803640556,0.5779168635,0.6732462814,1.752783178,-0.107571336
nhdhr_120020636,nhdhr120020800,1.39897782,1.200788236,0.3947488584,1.086160681,1.300528284,-0.09844953585
nhdhr_69547949,nhdhr151949699,2.283116619,1.94208824,0.506798142,0.5953743422,2.19928364,-0.08383297843
nhdhr_69886284,nhdhr120018114,2.383134502,1.654636788,0.8166233664,0.8497515818,2.306016909,-0.07711759251
nhdhr_34131145,nhdhr120018084,1.917895548,2.117156477,0.9587190994,1.112408679,1.841461171,-0.07643437697
nhdhr_34127672,nhdhr91595845,2.903828985,2.996603822,0.9371240749,1.752987463,2.831569173,-0.07225981216
nhdhr_120020307,nhdhr143249192,6.386646214,1.977534386,0.9051527319,2.623765715,6.314669215,-0.07197699932
nhdhr_69547885,nhdhr143396594,2.292416927,-1.397492953,0.06224610298,1.417516226,2.23023706,-0.06217986711
nhdhr_120020379,nhdhr91688409,2.933947903,2.13877869,0.7723704928,0.4790836163,2.874768687,-0.05917921624
nhdhr_91689945,nhdhr81002103,2.447330454,2.03317303,0.7881947725,0.8709379452,2.38868716,-0.05864329359
nhdhr_152335370,nhdhr166867866,2.065047655,2.354069718,0.9103605731,0.9049335058,2.02616883,-0.03887882526
nhdhr_121623004,nhdhr151949699,2.555721818,1.204901001,0.3845811683,0.6163949228,2.517474769,-0.03824704852
nhdhr_91595565,nhdhr120020367,3.035159908,2.235531539,0.587490159,0.7252988676,3.004467726,-0.03069218149
nhdhr_120020359,nhdhr91688409,2.900819982,2.215218682,0.8370492836,0.8758897701,2.883292883,-0.01752709906
nhdhr_91685677,nhdhr45722930,1.688816759,2.571966464,0.9698669501,0.6766872479,1.67542747,-0.01338928902
nhdhr_143249705,nhdhr91684663,2.12294341,1.344587408,0.3815580224,0.880918424,2.115897551,-0.007045858778
nhdhr_34127389,nhdhr120020218,2.207710994,2.705816497,0.8332900331,1.231591384,2.214992914,0.007281920006
nhdhr_143249464,nhdhr45722930,3.187067303,2.38316654,0.4455440088,2.308316407,3.198585853,0.01151854948
nhdhr_120019354,nhdhr120019638,3.193032165,2.069369275,0.8851125807,0.7770275255,3.214051561,0.02101939611
nhdhr_91688765,nhdhr91595845,2.273250283,2.868467777,0.8792709809,1.454426488,2.3028609,0.02961061739
nhdhr_120019246,nhdhr120020334,1.815679753,1.453609365,0.6207054007,0.8375661432,1.84775943,0.03207967746
nhdhr_155442361,nhdhr152335372,2.823463342,2.345838006,0.79551483,1.35391156,2.857698131,0.03423478829
nhdhr_120019732,nhdhr120018114,4.360491764,2.617884618,0.8030703826,1.117447664,4.395646143,0.0351543798
nhdhr_105231881,nhdhr120020343,3.234838498,0.8248613359,0.7287592505,1.302906536,3.275447941,0.04060944361
nhdhr_120018012,nhdhr126212479,4.064500138,0.6240018026,0.3120099197,1.315965226,4.106061347,0.04156120881
nhdhr_121622394,nhdhr120020343,3.367194276,1.951573485,0.7821051803,0.8831135583,3.411358301,0.04416402456
nhdhr_122551004,nhdhr75654673,2.436772983,0.7222320253,0.3321209258,0.784086098,2.485530963,0.04875797976
nhdhr_34132539,nhdhr143249413,1.818306177,1.61041342,0.974086758,0.5706520213,1.876699283,0.05839310573
nhdhr_120018013,nhdhr126212479,4.242583418,-0.03021121299,-0.0345221225,1.883282218,4.310365407,0.06778198863
nhdhr_32671150,nhdhr166867866,2.502912004,2.415809123,0.6248464809,1.301657533,2.581790107,0.07887810249
nhdhr_{4EA76133-68CD-4DA8-A82B-0B568CD9C9B2},nhdhr34124239,1.378549936,0.5347368434,0.295099197,0.8210037582,1.461656364,0.0831064276
nhdhr_120018014,nhdhr151949699,1.656883094,0.7114856449,0.6451897339,0.627275836,1.740916572,0.08403347818
nhdhr_81642813,nhdhr34129544,1.982844523,2.665116505,0.9511966619,1.215439025,2.075449591,0.09260506765
nhdhr_34133487,nhdhr34130604,2.375893881,1.836642722,0.9622775941,0.9890168529,2.470600177,0.0947062962
nhdhr_121623301,nhdhr120018114,2.585755066,2.214366149,0.9303495513,0.78453546,2.683755208,0.09800014218
nhdhr_120020198,nhdhr34119718,2.60050792,1.140543932,0.4298968666,0.4985844086,2.702290971,0.1017830502
nhdhr_91689147,nhdhr120020226,2.366516621,1.876584471,0.6066367501,0.7736349179,2.469741656,0.1032250357
nhdhr_151948642,nhdhr151949699,1.910382179,1.773966361,0.5171665879,1.359803446,2.015109182,0.1047270024
nhdhr_120020212,nhdhr81002103,1.992360972,1.760585783,0.6196189576,0.8860181732,2.10024737,0.1078863983
nhdhr_120020392,nhdhr120020343,2.033423202,1.733672617,0.2002991655,0.8085181105,2.143045025,0.1096218231
nhdhr_120020759,nhdhr120020343,1.469234657,0.7433245722,0.4762871989,0.6298207297,1.580645215,0.1114105576
nhdhr_120018092,nhdhr91595845,2.289580394,2.361750961,0.8891985514,0.7947300109,2.401061031,0.1114806372
nhdhr_151870593,nhdhr47726570,2.111031103,2.205400401,0.970626673,1.167095538,2.232499447,0.1214683438
nhdhr_120019016,nhdhr155445200,1.92154919,2.915375356,0.9415603842,1.353327126,2.043763092,0.1222139022
nhdhr_91596049,nhdhr139268769,2.072532498,1.411417849,0.4575578649,0.4829280592,2.197614329,0.1250818317
nhdhr_34130613,nhdhr47726570,1.909973345,2.543841616,0.9720201543,0.6988182381,2.038852257,0.1288789121
nhdhr_120018088,nhdhr120018114,2.879484857,2.035201739,0.8537120139,0.642917477,3.03032807,0.1508432128
nhdhr_120018098,nhdhr120020343,1.998228946,1.751238864,0.5691505275,0.5022526035,2.150932435,0.1527034886
nhdhr_120018025,nhdhr151949699,2.178793803,1.567727257,0.6562391749,0.5212195273,2.341573119,0.1627793168
nhdhr_83826087,nhdhr91683191,2.102730636,1.470386186,0.3100259802,0.6344580063,2.266117017,0.1633863811
nhdhr_68838273,nhdhr121860894,2.102588059,2.160779175,0.2718902535,1.412955535,2.277447637,0.1748595778
nhdhr_159101724,nhdhr120020343,2.060384568,0.5411998793,0.533624626,0.5884392155,2.239108686,0.1787241177
nhdhr_34127011,nhdhr91595845,2.002789417,1.995286788,0.5941190364,0.7164516305,2.184798879,0.1820094623
nhdhr_91691383,nhdhr45722930,2.3424636,2.274565171,0.9082073689,0.5728131483,2.533051016,0.1905874159
nhdhr_69546831,nhdhr120019636,1.864076559,1.77132348,0.7692961738,0.7192195935,2.060837121,0.1967605619
nhdhr_91595713,nhdhr34131191,2.917710457,1.803118187,0.6428712014,0.5481718982,3.128113814,0.2104033566
nhdhr_155636540,nhdhr139269431,2.580716674,2.429694313,0.9542473626,1.433169767,2.791132073,0.2104153985
nhdhr_143249221,nhdhr47726570,1.977064124,2.544777209,0.9592032751,0.8800486753,2.188368994,0.2113048698
nhdhr_86274219,nhdhr120020343,1.437972802,1.407792596,0.589844119,0.7160575277,1.655678745,0.2177059434
nhdhr_166867860,nhdhr155635994,2.19381366,2.19486974,0.9450677059,1.327627915,2.412361012,0.2185473522
nhdhr_91676911,nhdhr91684663,2.397322102,1.084870927,0.672067391,0.7912962138,2.617191278,0.2198691757
nhdhr_69546231,nhdhr120020343,2.103183171,0.7965422434,0.1175641631,0.7306668236,2.32313808,0.2199549083
nhdhr_105567402,nhdhr120019371,1.740638845,0.2750792017,0.6053298693,0.7136643342,1.965002554,0.2243637092
nhdhr_120018008,nhdhr151949699,1.862563458,0.7040006592,0.5443394741,0.5278017294,2.088091736,0.225528278
nhdhr_120019861,nhdhr151949699,3.163931234,1.055762491,0.5120256652,1.118396893,3.397755716,0.2338244817
nhdhr_91598525,nhdhr120020343,1.483473345,0.7278204307,0.4021886317,0.6029515643,1.71832759,0.2348542453
nhdhr_34130988,nhdhr80005045,1.692564492,2.034451537,0.7900999843,0.6907248262,1.927948336,0.2353838446
nhdhr_45337659,nhdhr47726570,2.001586877,2.559661916,0.9491418674,0.6002614198,2.25906521,0.2574783331
nhdhr_58125935,nhdhr120020226,1.965044277,1.053034097,0.236962683,0.7060037795,2.227659985,0.2626157076
nhdhr_86275155,nhdhr120018022,2.093105856,2.297993053,0.5593056212,0.7809828722,2.356643807,0.2635379505
nhdhr_147307413,nhdhr120020343,1.843916278,0.08836402318,0.4774641789,0.6683859131,2.112439358,0.2685230798
nhdhr_121622916,nhdhr126212479,2.826688768,-0.9894320414,0.3574004094,1.209032017,3.112488073,0.2857993056
nhdhr_34130157,nhdhr139268769,1.862720018,1.835099823,0.5796606834,0.4318836624,2.161956485,0.2992364669
nhdhr_120018027,nhdhr120020343,2.457259616,1.634428885,0.5429932294,0.3784529213,2.77384214,0.3165825238
nhdhr_120020090,nhdhr120020343,1.229704949,0.4166660977,0.2817115415,1.048177208,1.549275751,0.3195708023
nhdhr_91681839,nhdhr120020800,1.631881724,1.485249485,0.4360297591,0.661041772,1.953091041,0.3212093172
nhdhr_120020245,nhdhr81002103,2.126355331,1.861986219,0.7533301842,0.9179037038,2.45241578,0.3260604487
nhdhr_34121878,nhdhr34119718,2.333075151,0.9062356002,0.5400999843,0.4936005176,2.661066156,0.3279910046
nhdhr_59753059,nhdhr120018100,1.672851247,2.315957333,0.9590536923,0.9899018191,2.007114007,0.3342627601
nhdhr_120018120,nhdhr45728298,2.772435477,2.35669741,0.8943158558,1.451920385,3.108677295,0.3362418178
nhdhr_120019913,nhdhr80005045,2.68506474,1.845151504,0.74293812,0.9712736601,3.022750247,0.3376855076
nhdhr_91690083,nhdhr120020367,2.382107236,1.957714124,0.5086718627,0.8071403489,2.719821618,0.3377143817
nhdhr_121629875,nhdhr126212479,2.359869111,-0.560783669,0.3503385294,1.054389702,2.700649345,0.340780234
nhdhr_34128651,nhdhr91690341,2.027889477,1.895297045,0.5648244371,0.5076140987,2.37778014,0.3498906629
nhdhr_91594453,nhdhr120020343,1.830215821,1.841760221,0.8092465753,0.501025461,2.183480677,0.3532648562
nhdhr_120017991,nhdhr81002103,2.477292727,1.75957775,0.6494528421,0.773067044,2.8496953,0.3724025729
nhdhr_58125241,nhdhr155445200,2.528519289,2.58025782,0.923700992,1.255137081,2.902017708,0.3734984191
nhdhr_120018078,nhdhr139268769,2.108106123,1.782667258,0.4338411274,0.4514878286,2.487970603,0.3798644805
nhdhr_120018060,nhdhr81002103,2.480727056,1.944674674,0.6495788065,1.18141533,2.860696803,0.379969747
nhdhr_143250529,nhdhr126212479,1.793622643,0.2349695029,0.2955912455,1.019835761,2.173865056,0.3802424124
nhdhr_120018233,nhdhr120020343,1.676900946,1.368812118,0.5919973233,0.4958452999,2.057547772,0.3806468254
nhdhr_91689905,nhdhr120020343,2.11336175,1.585772944,0.6651393481,0.3571313483,2.498963255,0.3856015051
nhdhr_120020246,nhdhr120020343,2.02078279,1.239185709,0.3983073532,0.3928811158,2.411253063,0.390470273
nhdhr_120018361,nhdhr120020343,1.527743268,0.0249393268,0.2907337427,0.5464017726,1.925731525,0.3979882563
nhdhr_91692261,nhdhr34131191,2.729808678,1.952964822,0.5392969611,0.5603550665,3.133240501,0.4034318226
nhdhr_68838259,nhdhr120018071,2.109660462,2.640774573,0.784081247,3.944365663,2.517200431,0.407539969
nhdhr_120020225,nhdhr151949699,2.040277594,1.33344902,0.5719689813,0.4862315625,2.448196863,0.4079192688
nhdhr_120020350,nhdhr120020199,2.368437084,2.365220947,0.8515155094,0.3941628588,2.79283129,0.4243942058
nhdhr_69886650,nhdhr120019294,5.724227595,0.7483706837,-0.3331483231,2.162826851,6.148816122,0.4245885266
nhdhr_120018005,nhdhr120020343,1.523171959,1.032137973,0.5205951819,0.4870596576,1.948758751,0.4255867923
nhdhr_69546677,nhdhr121860894,1.76848056,1.670388483,0.4324437097,0.7989021039,2.194346049,0.4258654896
nhdhr_120018017,nhdhr126212479,2.235402186,0.398605187,0.2592859392,0.5883711611,2.677831612,0.4424294261
nhdhr_91597015,nhdhr143249864,2.930453661,2.44863468,0.7558730909,0.6769109419,3.374819852,0.4443661916
nhdhr_120019864,nhdhr141288680,2.551903599,1.995591263,0.9626161234,0.8006394951,3.006499523,0.4545959237
nhdhr_45365491,nhdhr80005045,1.935368471,2.470820961,0.9634978744,0.6884302323,2.414909179,0.4795407076
nhdhr_{4F6A1C28-CFA9-45C9-B597-E2E6526275B8},nhdhr34131191,2.738948191,2.07988116,0.6070382617,0.5035077847,3.224098792,0.4851506011
nhdhr_34127844,nhdhr47726570,2.584242463,2.202323118,0.9220201543,0.9233747496,3.071575566,0.4873331027
nhdhr_121859022,nhdhr47726570,4.574933109,2.087207689,-0.01382459455,1.53783235,5.064236421,0.4893033112
nhdhr_143250615,nhdhr75474779,2.424618486,2.203438728,0.519622894,1.178623916,2.921473616,0.4968551293
nhdhr_120018073,nhdhr81002103,2.404174732,1.817615175,0.8101755629,0.7036451572,2.904476361,0.5003016289
nhdhr_120020366,nhdhr120018089,2.081792773,2.074145084,0.8041410801,0.5830700347,2.589344786,0.5075520131
nhdhr_76155937,nhdhr47726570,1.844984656,2.740762714,0.8024877972,0.9723865408,2.358347437,0.5133627812
nhdhr_122851099,nhdhr120018133,3.102892769,1.819476717,-0.3708471107,2.296408121,3.61937329,0.516480521
nhdhr_120020235,nhdhr120020343,1.633999272,1.356975049,0.7557746812,0.5215545706,2.160210217,0.5262109455
nhdhr_91594459,nhdhr91595845,1.869209841,1.940933504,0.538403401,0.7034526706,2.395855849,0.5266460077
nhdhr_45338945,nhdhr120018089,2.351952545,1.799866072,0.382711384,0.6920065684,2.878711507,0.5267589621
nhdhr_166867869,nhdhr141288680,3.10163924,1.721268229,0.9584120611,1.084733376,3.628584005,0.5269447644
nhdhr_77358322,nhdhr126212479,2.259705789,-0.3707598567,0.2071957172,0.9596376454,2.7989393,0.5392335112
nhdhr_34129232,nhdhr34129366,1.836677927,1.7032138,0.5704298536,0.9725157481,2.37685241,0.5401744834
nhdhr_86275565,nhdhr120018379,1.505195206,1.189648025,0.3966540702,0.583415225,2.054289708,0.5490945017
nhdhr_139269433,nhdhr143249413,1.582301383,2.364687728,0.9618918281,0.7300012842,2.136935254,0.5546338703
nhdhr_34126801,nhdhr34129366,1.704552655,1.852770366,0.5298811211,1.215796732,2.272570135,0.5680174792
nhdhr_91692247,nhdhr47726570,1.756653481,2.679503961,0.9669579594,0.8675167339,2.329012141,0.5723586606
nhdhr_120018055,nhdhr143249413,2.526724684,2.204029082,0.9179145017,0.7931060669,3.101115159,0.5743904748
nhdhr_120018423,nhdhr120020343,1.586268709,1.134970552,0.5305542434,0.6014670576,2.163285999,0.5770172906
nhdhr_120020250,nhdhr120020343,1.757208063,1.361185428,0.5352897182,0.5267046894,2.345640302,0.588432239
nhdhr_91595863,nhdhr34129366,2.160036663,2.315962194,0.7179814202,1.087011022,2.754340353,0.5943036897
nhdhr_120018493,nhdhr152335372,3.77902096,2.253171776,0.8109037947,0.9101484854,4.375038969,0.5960180085
nhdhr_81643237,nhdhr34129366,1.993462999,1.858395113,0.2403676586,0.9628916175,2.591213514,0.5977505144
nhdhr_120018135,nhdhr120020343,1.925795443,1.465218384,0.3917139033,0.476283541,2.525072771,0.599277328
nhdhr_70333891,nhdhr143249192,2.341992064,2.013522904,0.8008974965,1.653920735,2.9539711,0.6119790353
nhdhr_86275955,nhdhr34129544,1.547171528,2.254285984,0.8382656275,1.772776188,2.161115491,0.6139439626
nhdhr_120020370,nhdhr139269431,1.952877223,2.617863216,0.9742560227,0.5842215072,2.569810634,0.6169334101
nhdhr_120018038,nhdhr47726570,1.799122747,2.3682325,0.9516965832,1.021395215,2.422660155,0.6235374081
nhdhr_120020360,nhdhr120018089,2.055349406,1.854495065,0.634293812,0.5557106329,2.680384489,0.625035083
nhdhr_120018047,nhdhr34119718,2.125304757,1.358451101,0.4829200126,0.573982869,2.753879073,0.6285743157
nhdhr_120020236,nhdhr120020343,1.438106409,1.600081345,0.5320067706,0.5950592795,2.084293079,0.64618667
nhdhr_143249294,nhdhr139269431,1.934625393,2.243308075,0.9485474728,0.9279264975,2.590570591,0.6559451972
nhdhr_120018091,nhdhr81002103,2.170139074,1.952957177,0.9245079515,0.4925906841,2.829103414,0.6589643393
nhdhr_81642745,nhdhr34119718,1.928824131,0.8473845609,0.4655959691,0.5191512435,2.598976725,0.6701525935
nhdhr_34126452,nhdhr91595845,2.199364851,2.311665633,0.8176783184,0.6014193591,2.884889407,0.6855245553
nhdhr_91597227,nhdhr34127708,2.81327967,2.522836489,0.7902220123,1.061883845,3.512381891,0.6991022213
nhdhr_91689681,nhdhr120020367,2.076391757,2.039518589,0.6742324043,0.7290291134,2.779748867,0.7033571099
nhdhr_91594493,nhdhr120020343,1.747741712,1.458682911,0.4835458983,0.4715673428,2.456219387,0.7084776749
nhdhr_26F12E6A-07D1-4DC6-8BEA-980AD41B687A,nhdhr120018140,1.946971376,2.282185772,0.725578649,1.064981795,2.659930632,0.7129592553
nhdhr_34126579,nhdhr120020343,1.778807577,1.621089332,0.5977090222,0.6628633198,2.500574091,0.7217665139
nhdhr_37648997,nhdhr86274749,2.137822854,-0.3485293531,0.04483152259,0.8930163325,2.866080377,0.7282575232
nhdhr_74926543,nhdhr81002103,2.648590728,2.607949527,0.7728507322,1.126893488,3.381093329,0.7325026008
nhdhr_120017997,nhdhr34119718,1.789100624,0.8260617262,0.2200244056,0.7536277615,2.530566277,0.7414656523
nhdhr_120020376,nhdhr75474779,1.923694899,1.817469269,0.4598488427,0.6246832227,2.690028435,0.7663335356
nhdhr_37648599,nhdhr70334219,2.088249785,1.76399883,0.5927294914,0.5099713665,2.88918284,0.8009330551
nhdhr_91596605,nhdhr120019849,2.49729413,1.952366121,0.648224689,0.3834820362,3.302966032,0.8056719021
nhdhr_120020398,nhdhr34119718,2.715058639,1.099744135,0.4425680995,0.6894417637,3.531876703,0.816818064
nhdhr_91686475,nhdhr45728298,1.690088033,1.797724156,0.4026531255,0.8101182025,2.507057997,0.8169699635
nhdhr_155444180,nhdhr45722930,2.897787787,2.706984724,0.3418044402,1.286281399,3.716364601,0.8185768134
nhdhr_91689611,nhdhr34129366,2.444025307,2.689514594,0.8141749331,0.6435429517,3.263411905,0.819386598
nhdhr_120020207,nhdhr120020343,1.475795333,1.143754292,0.5053967879,0.5352329556,2.309852097,0.834056764
nhdhr_45730354,nhdhr120018102,2.512575177,1.954167133,0.6974452842,0.5456408721,3.348349408,0.8357742307
nhdhr_157067854,nhdhr34129544,2.198390902,2.084655426,0.9067036687,2.24767418,3.036471832,0.8380809298
nhdhr_121858926,nhdhr47726570,1.94748127,2.376864762,0.8399071012,1.112554053,2.797068559,0.849587289
nhdhr_120018204,nhdhr45728298,1.635007163,1.979247089,0.2652141395,1.889357421,2.485703446,0.8506962827
nhdhr_109981506,nhdhr45728298,2.333826984,2.015079462,0.7979530783,1.056213085,3.192415417,0.8585884338
nhdhr_120018136,nhdhr91594833,1.92027337,2.269052286,0.9468941899,0.5802000306,2.778969053,0.8586956825
nhdhr_91686757,nhdhr120020218,2.476757394,2.720232279,0.8525980161,1.792171257,3.34117404,0.864416646
nhdhr_121623808,nhdhr143249864,1.947852035,1.98614372,-0.1033538026,1.874683542,2.819150782,0.8712987471
nhdhr_166867872,nhdhr166867866,3.000387946,2.348885679,0.8080381042,1.65393297,3.884130167,0.8837422202
nhdhr_166867846,nhdhr166867866,2.51637977,2.95692102,0.8687844434,1.088955902,3.405609411,0.8892296413
nhdhr_91688957,nhdhr91595845,2.043880971,2.150957692,0.6163517556,1.053006134,2.933254739,0.8893737681
nhdhr_120020396,nhdhr126212479,2.913505256,1.367639866,0.5500078728,0.676215159,3.807913275,0.894408019
nhdhr_91593815,nhdhr91595845,2.072025192,1.925649045,0.6743190049,0.6925018353,2.970954368,0.8989291754
nhdhr_120018226,nhdhr120020343,1.974613116,1.70529864,0.5982286254,0.6707963804,2.874219414,0.8996062984
nhdhr_91689717,nhdhr120018107,2.089185775,2.300647064,0.5841245473,0.6879455187,3.004164571,0.914978796
nhdhr_91688055,nhdhr34119718,2.536431805,1.055925138,0.2553928515,0.5638255774,3.453946619,0.9175148145
nhdhr_157076137,nhdhr80005045,1.741425141,1.87797412,0.8629979531,0.5483672887,2.659020753,0.9175956124
nhdhr_151949390,nhdhr166867866,3.181080444,2.364789782,0.5936033695,0.9519209338,4.122662714,0.9415822697
nhdhr_91688615,nhdhr91690341,1.865684336,2.126897993,0.5734411904,0.7559700444,2.816590303,0.9509059671
nhdhr_34128269,nhdhr34129366,2.917223787,1.872348142,0.5263541175,0.5385113899,3.873407582,0.956183795
nhdhr_143418975,nhdhr143416561,2.339438398,1.681473325,0.5946819399,0.8915111561,3.322782422,0.9833440236
nhdhr_34130818,nhdhr34127708,2.205112651,2.446680116,0.8762202803,0.5932778914,3.189691691,0.9845790406
nhdhr_120020342,nhdhr45728298,1.670471599,2.320864395,0.6998504173,1.397226293,2.655196525,0.9847249264
nhdhr_120018079,nhdhr80005045,2.280233162,2.164884236,0.9158242796,0.5722974457,3.265612384,0.9853792221
nhdhr_120020213,nhdhr120020343,1.636965642,1.542193255,0.6571445442,0.5454529177,2.623057852,0.9860922104
nhdhr_120020357,nhdhr91690341,2.062904901,2.583205402,0.4215241694,1.514442833,3.049563681,0.9866587798
nhdhr_34121856,nhdhr34131191,2.453018523,1.737772376,0.4236065187,0.7950915423,3.445751369,0.9927328463
nhdhr_45730422,nhdhr91688455,2.929657256,2.28914606,0.1592544481,0.9780816088,3.927172145,0.997514889
nhdhr_120020348,nhdhr120020343,2.362651175,1.482392803,0.4836876083,0.3618777191,3.374481411,1.011830235
nhdhr_70332231,nhdhr120018100,2.112479225,2.172754196,0.3905408597,2.256196289,3.14761508,1.035135855
nhdhr_91692157,nhdhr120019849,2.513093885,1.949472083,0.5825499921,0.4267453602,3.550281664,1.037187779
nhdhr_120018981,nhdhr80005045,3.964564654,1.95736583,0.5594237128,1.263428633,5.013131715,1.048567061
nhdhr_121623268,nhdhr143249413,2.579193502,2.005646937,-0.04609116675,1.753076857,3.63075022,1.051556717
nhdhr_34122432,nhdhr45728298,3.120249097,2.263513798,0.3435561329,0.5287452443,4.197665701,1.077416604
nhdhr_34132376,nhdhr45722930,1.486571002,2.079428172,0.9587269721,0.7548100993,2.572180922,1.08560992
nhdhr_91689407,nhdhr120019849,2.161670337,2.148699567,0.5766729649,0.5122048879,3.248247729,1.086577391
nhdhr_34127862,nhdhr91595845,2.770898219,2.320561029,0.923437254,0.5800153141,3.878157276,1.107259057
nhdhr_70330275,nhdhr151949699,2.05181137,2.206572115,0.2369390647,1.593343384,3.163309358,1.111497988
nhdhr_{E940A362-4076-4895-A23F-1B8CCC905DEE},nhdhr166867866,2.638737012,2.351704837,0.487297276,2.196402758,3.823393038,1.184656026
nhdhr_120018072,nhdhr45722930,1.933449794,2.208521943,0.9730278696,0.4494440407,3.149642993,1.216193199
nhdhr_120020200,nhdhr120018114,1.938493066,1.856029035,0.6940914817,0.8325123282,3.156765443,1.218272376
nhdhr_120020364,nhdhr91595845,2.214750814,2.46027499,0.8599787435,0.9775841406,3.448457822,1.233707007
nhdhr_120018085,nhdhr45728298,2.791992043,2.357388885,0.8813926941,0.5150082257,4.026770125,1.234778082
nhdhr_91595431,nhdhr34129366,2.464374372,2.154630319,0.5057786175,0.4830336583,3.745143941,1.280769569
nhdhr_120020352,nhdhr120018094,2.224404643,1.99258423,0.5242757046,0.4587572528,3.556962687,1.332558044
nhdhr_91689661,nhdhr34129366,2.398777706,1.884944863,0.4993347504,0.7007259603,3.755503184,1.356725479
nhdhr_91594761,nhdhr34129544,2.413057056,2.389381335,0.9419461502,1.275160169,3.828231395,1.415174339
nhdhr_74926457,nhdhr166867866,2.446481672,2.36220517,0.6809163911,1.029094612,3.863466443,1.41698477
nhdhr_{62B48949-8CCC-4BA3-989E-AA1FE86C363D},nhdhr120020343,2.542158082,2.149645971,0.5632302,83.2987909,4.068488229,1.526330148
nhdhr_34126978,nhdhr86274749,3.523678008,1.716434448,0.5210242481,0.5895366728,5.053693466,1.530015458
nhdhr_120019932,nhdhr120018114,3.000570089,2.642003058,0.7799322941,1.109704215,4.562950076,1.562379986
nhdhr_120018106,nhdhr81002103,2.507493033,2.069506183,0.2046921745,1.628059965,4.121174985,1.613681953
nhdhr_34126462,nhdhr34131191,2.403613455,1.916714665,0.4800700677,0.871190152,4.027140646,1.623527191
nhdhr_34242518,nhdhr120018100,2.642127591,2.126875695,0.8077546843,1.91367087,4.445143543,1.803015952
nhdhr_121622760,nhdhr45728298,2.606820215,2.095054155,0.3993190049,1.065990554,4.4491137,1.842293485
nhdhr_34128205,nhdhr45728298,3.315500373,2.464536582,0.6584829161,1.563007417,5.205107196,1.889606823
nhdhr_eec6bb9d-30cb-4c7d-bfc1-88e675b7d41b,nhdhr120018133,3.064122108,1.714133872,0.1107187844,1.529284983,5.029328459,1.96520635
nhdhr_91688597,nhdhr34129366,2.276616569,1.886818313,0.6512596442,0.7423425555,4.268236224,1.991619655
nhdhr_120018103,nhdhr34129544,2.275531959,2.58467201,0.6125177137,1.857441116,4.276961861,2.001429902
nhdhr_68840139,nhdhr81002103,3.013754475,2.815499169,0.1416312392,2.557424692,5.02711788,2.013363405
nhdhr_91593573,nhdhr34129366,1.692163868,2.091048049,0.6723704928,1.355157204,3.862386302,2.170222433
nhdhr_69885442,nhdhr120018114,2.792341753,1.277545044,0.6240749488,2.521770502,5.089902987,2.297561234
nhdhr_120020347,nhdhr34129544,1.892641496,2.529358089,0.9721461187,0.4861852081,4.197383251,2.304741755
nhdhr_120018007,nhdhr34129366,2.33715226,2.234135083,0.4010588884,0.7716922771,4.72882608,2.391673821
nhdhr_74926427,nhdhr69886228,3.727450291,2.727644849,0.8904818139,0.6453036219,6.75202168,3.024571389